sequence,count_2x,count_4xplus,FC,logFC
ATCGTTCAGGCAACTGCTAATAAGGTAGACAGAAGG,1566,394,0.2515964240102171,-1.3799289672528146
CTACTACAGGAGACTGCTAATAAGGTAGACAAGATG,2430,1865,0.7674897119341564,-0.2646302042566782
CTACTACAGGCAACTGCTAATAAGGTAGACAGAAGG,13639,591,0.04333162255297309,-3.138872597520777
CTAGTTCAGGCAACTGCTAATAAGCTTGACAGAAGG,6692,663,0.09907352062163778,-2.311893071920852
CTACTACAGGCAACTCTGAATAAGCTTGACAGAATG,886,567,0.6399548532731377,-0.4463576468773288
CTACTACAGGCAACTGCTAATGAGGTAGACAGAAGG,2053,6400,3.117389186556259,1.1369958523288295
ATCGTTCAGGCAACTGCTAATAAGCTTGACAGAAGG,1977,360,0.18209408194233687,-1.7032317917204611
CTACTACAGGAGACTGCTAATGAGGTAGACAGAAGG,880,1845,2.096590909090909,0.7403126490023754
CTAGTTCAGGAGACTCTGAATGAGCTTGACAGAAGG,628,1705,2.714968152866242,0.9987802232494185
CTAGTTCAGGAGACTGCTAATGAGGTAGACAAGAGG,1308,1387,1.0603975535168195,0.05864388829768754
ATCGTTCAGGAGACTGCTAATAAGGTAGACAGAAGG,9674,1108,0.11453380194335332,-2.1668852860756993
ATCGTTCAGGAGACTGCTAATAAGCTTGACAAGAGG,1587,4303,2.7114051669817267,0.9974670123121906
CTAGTTCAGGCAACTGCTAATAAGCTTGACAAGAGG,9864,1821,0.18461070559610707,-1.689505965116572
CTAGTTCAGGCAACTGCTAATAAGGTAGACAAGATG,3611,700,0.1938521185267239,-1.640659686234053
CTACTACAGGAGACTGCTAATAAGCTTGACAGAATG,3132,4349,1.3885696040868454,0.32827415548694455
ATCGTTCAGGCAACTGCTAATGAGGTAGACAGAAGG,3517,2614,0.7432470855843049,-0.2967267382898151
ATCGTTCAGGCAACTCTGAATAAGGTAGACAGAAGG,5836,41275,7.072481151473612,1.9562113591456525
ATCGTTCAGGAGACTGCTAATAAGGTAGACAAGAGG,5520,338,0.06123188405797102,-2.793087243788122
CTACTACAGGAGACTGCTAATAAGCTTGACAAGATG,345,548,1.5884057971014494,0.4627308699166558
CTAGTTCAGGCAACTGCTAATAAGCTTGACAAGATG,8834,1476,0.1670817296807788,-1.789272186996054
CTAGTTCAGGAGACTGCTAATAAGGTAGACAAGATG,3769,242,0.0642080127354736,-2.745627267110449
ATCCTACAGGCAACTCTGAATGAGCTTGACAAGAGG,509,1135,2.2298624754420433,0.8019399133649803
ATCCTACAGGCAACTGCTAATAAGGTAGACAAGATG,5919,2388,0.4034465281297516,-0.9077113201782323
CTAGTTCAGGCAACTGCTAATGAGCTTGACAGAATG,3456,4280,1.2384259259259258,0.21384115865189612
ATCCTACAGGAGACTGCTAATGAGGTAGACAAGAGG,411,404,0.9829683698296837,-0.017178336535084517
CTAGTTCAGGAGACTGCTAATAAGGTAGACAGAAGG,9590,801,0.08352450469238791,-2.482615220809125
CTACTACAGGCAACTGCTAATAAGGTAGACAAGAGG,5468,2608,0.4769568397951719,-0.7403292747972966
ATCGTTCAGGAGACTGCTAATAAGGTAGACAAGATG,2529,2120,0.8382759984183472,-0.17640787900390698
ATCGTTCAGGAGACTCTGAATGAGGTAGACAAGATG,441,617,1.399092970521542,0.3358241484585418
CTAGTTCAGGCAACTGCTAATAAGGTAGACAGAAGG,6287,736,0.11706696357563226,-2.145009169654185
CTAGTTCAGGAGACTGCTAATAAGGTAGACAAGAGG,10808,17356,1.6058475203552924,0.4736516672782065
ATCGTTCAGGCAACTGCTAATGAGGTAGACAGAATG,2530,8323,3.2897233201581026,1.190803464024529
ATCGTTCAGGAGACTCTGAATGAGCTTGACAAGAGG,984,645,0.6554878048780488,-0.4223755802564809
ATCGTTCAGGAGACTGCTAATGAGGTAGACAAGAGG,809,836,1.0333745364647713,0.032829696026209894
CTAGTTCAGGAGACTGCTAATAAGGTAGACAGAATG,5445,478,0.08778696051423324,-2.432842302875605
CTACTACAGGCAACTCTGAATGAGCTTGACAAGATG,879,1199,1.3640500568828213,0.3104582573423372
ATCGTTCAGGCAACTCTGAATGAGCTTGACAAGATG,681,1273,1.8693098384728342,0.6255692924078942
CTAGTTCAGGCAACTCTGAATAAGGTAGACAAGAGG,1948,2325,1.1935318275154003,0.17691683381897622
ATCGTTCAGGCAACTGCTAATGAGCTTGACAGAAGG,1743,1416,0.8123924268502581,-0.2077717712663559
CTACTACAGGCAACTGCTAATAAGGTAGACAAGATG,4932,669,0.1356447688564477,-1.9977158041560064
CTAGTTCAGGAGACTGCTAATGAGGTAGACAGAATG,3360,15201,4.524107142857143,1.5094202411867694
CTAGTTCAGGAGACTCTGAATGAGCTTGACAAGATG,954,838,0.8784067085953878,-0.1296455709662035
ATCGTTCAGGCAACTGCTAATGAGCTTGACAGAATG,4707,2934,0.6233269598470363,-0.4726840826982152
CTAGTTCAGGCAACTCTGAATGAGCTTGACAAGAGG,826,1082,1.3099273607748183,0.2699716858854487
CTAGTTCAGGCAACTGCTAATGAGGTAGACAAGAGG,5785,4440,0.7675021607605877,-0.2646139842015065
ATCGTTCAGGCAACTGCTAATGAGGTAGACAAGATG,7657,23432,3.060206347133342,1.1184823473944459
CTACTACAGGCAACTGCTAATAAGCTTGACAGAAGG,4366,731,0.16743014200641318,-1.7871890773601107
ATCCTACAGGCAACTGCTAATAAGGTAGACAGAATG,9571,3086,0.322432347717062,-1.1318619392728002
CTACTACAGGAGACTGCTAATAAGCTTGACAAGAGG,1367,4815,3.522311631309437,1.2591174875082765
CTAGTTCAGGCAACTGCTAATGAGGTAGACAGAATG,5489,433,0.07888504281289853,-2.5397636405473993
CTACTACAGGCAACTGCTAATGAGGTAGACAAGATG,4535,8150,1.797133406835722,0.5861928436856714
ATCCTACAGGAGACTGCTAATAAGGTAGACAGAATG,2378,3805,1.6000841042893188,0.4700561930450591
ATCCTACAGGAGACTCTGAATAAGGTAGACAGAAGG,644,444,0.6894409937888198,-0.37187416367212894
ATCCTACAGGCAACTGCTAATGAGGTAGACAGAAGG,1300,2625,2.019230769230769,0.702716631576096
CTACTACAGGAGACTCTGAATGAGGTAGACAAGATG,865,893,1.0323699421965318,0.03185707394461971
ATCCTACAGGCAACTCTGAATGAGGTAGACAGAAGG,514,541,1.0525291828793775,0.05119601339131645
CTAGTTCAGGCAACTCTGAATAAGCTTGACAGAAGG,3550,2465,0.6943661971830986,-0.36475579599267105
ATCGTTCAGGCAACTCTGAATAAGGTAGACAGAATG,2204,2616,1.1869328493647913,0.1713725423042842
CTACTACAGGCAACTCTGAATAAGGTAGACAAGATG,904,870,0.9623893805309734,-0.0383361487435471
CTACTACAGGCAACTGCTAATAAGCTTGACAAGATG,6028,2140,0.3550099535500995,-1.035609451730489
CTACTACAGGAGACTGCTAATAAGGTAGACAGAATG,7648,1635,0.21378138075313807,-1.5428013713998834
CTAGTTCAGGCAACTCTGAATAAGCTTGACAAGAGG,771,484,0.6277561608300908,-0.4656034668466978
CTAGTTCAGGCAACTGCTAATGAGCTTGACAAGATG,3595,3910,1.0876216968011128,0.0839933828242645
CTACTACAGGCAACTGCTAATGAGCTTGACAGAATG,4027,7239,1.7976160913831636,0.5864613934416872
ATCCTACAGGCAACTGCTAATAAGCTTGACAGAAGG,2468,597,0.2418962722852512,-1.4192462716326764
ATCGTTCAGGAGACTCTGAATGAGCTTGACAAGATG,809,855,1.0568603213844252,0.055302551878268526
ATCGTTCAGGCAACTGCTAATAAGGTAGACAAGAGG,3765,365,0.09694555112881806,-2.3336057866515025
CTAGTTCAGGCAACTCTGAATGAGCTTGACAGAATG,1588,2060,1.2972292191435768,0.26023061997654573
ATCGTTCAGGCAACTCTGAATAAGCTTGACAGAATG,3087,1591,0.515387107223842,-0.6628369961643723
CTACTACAGGAGACTGCTAATAAGCTTGACAGAAGG,1382,1213,0.877713458755427,-0.13043509538356504
ATCCTACAGGCAACTGCTAATAAGCTTGACAGAATG,4224,10634,2.5175189393939394,0.9232738686781864
CTAGTTCAGGCAACTGCTAATAAGGTAGACAAGAGG,2784,344,0.1235632183908046,-2.0910023640809117
ATCCTACAGGCAACTGCTAATGAGCTTGACAAGATG,904,1185,1.3108407079646018,0.2706686931770551
CTACTACAGGCAACTGCTAATGAGCTTGACAAGATG,1545,2143,1.3870550161812298,0.3271828061417312
CTACTACAGGCAACTCTGAATAAGGTAGACAGAATG,9398,9243,0.9835071291764205,-0.01663039239798346
ATCGTTCAGGAGACTGCTAATGAGGTAGACAAGATG,1963,6959,3.54508405501783,1.2655618705683889
CTAGTTCAGGCAACTCTGAATGAGCTTGACAGAAGG,1085,1075,0.9907834101382489,-0.009259325412796712
CTAGTTCAGGAGACTGCTAATAAGCTTGACAAGATG,1281,2499,1.9508196721311475,0.668249628938218
ATCCTACAGGCAACTCTGAATAAGGTAGACAGAAGG,1808,1999,1.105641592920354,0.1004257935482783
CTACTACAGGCAACTGCTAATAAGCTTGACAGAATG,1829,1194,0.6528157463094587,-0.4264603544383183
CTACTACAGGAGACTCTGAATAAGCTTGACAAGATG,476,1371,2.880252100840336,1.0578778253308943
CTAGTTCAGGCAACTCTGAATAAGGTAGACAGAATG,9322,8966,0.9618107702209826,-0.03893755221730147
ATCGTTCAGGAGACTGCTAATAAGCTTGACAGAAGG,7368,1155,0.1567589576547231,-1.8530459549792488
ATCCTACAGGCAACTGCTAATAAGGTAGACAAGAGG,6385,2543,0.39827721221613155,-0.92060700304452
ATCCTACAGGAGACTGCTAATAAGCTTGACAAGATG,300,415,1.3833333333333333,0.3244960455744972
CTACTACAGGCAACTCTGAATAAGGTAGACAGAAGG,9921,10107,1.0187481100695495,0.018574530424760108
CTAGTTCAGGCAACTCTGAATGAGGTAGACAGAATG,3979,5163,1.2975622015581805,0.26048727445272046
CTAGTTCAGGAGACTGCTAATGAGCTTGACAAGATG,1210,862,0.7123966942148761,-0.3391203679270936
CTAGTTCAGGCAACTGCTAATGAGGTAGACAGAAGG,5716,17491,3.0600069979006297,1.1184172028573052
ATCCTACAGGAGACTCTGAATGAGCTTGACAAGAGG,689,1161,1.6850507982583454,0.5217957106842328
CTACTACAGGCAACTCTGAATAAGGTAGACAAGAGG,645,1463,2.268217054263566,0.8189940842243518
CTAGTTCAGGAGACTGCTAATAAGCTTGACAGAAGG,5290,508,0.09603024574669188,-2.3430920772738633
ATCGTTCAGGAGACTCTGAATAAGGTAGACAGAATG,1282,2013,1.5702028081123245,0.4512047881591761
CTACTACAGGAGACTGCTAATAAGGTAGACAGAAGG,6557,3140,0.47887753545828887,-0.7363103813613203
CTAGTTCAGGCAACTCTGAATAAGCTTGACAGAATG,2592,8801,3.3954475308641974,1.2224355729016463
ATCGTTCAGGCAACTGCTAATGAGGTAGACAAGAGG,5365,16817,3.1345759552656105,1.142493903457951
ATCCTACAGGAGACTCTGAATGAGGTAGACAAGAGG,353,1084,3.0708215297450425,1.1219451250662948
CTAGTTCAGGCAACTGCTAATAAGGTAGACAGAATG,2482,184,0.07413376309427881,-2.6018842081555666
ATCGTTCAGGCAACTCTGAATGAGCTTGACAGAATG,1106,2507,2.266726943942134,0.8183369160760133
ATCCTACAGGCAACTGCTAATAAGCTTGACAAGATG,1861,3500,1.8807092960773777,0.6316489908352543
CTACTACAGGAGACTCTGAATGAGGTAGACAGAAGG,386,625,1.6191709844559585,0.48191428027157057
CTAGTTCAGGCAACTGCTAATGAGGTAGACAAGATG,2782,4173,1.5,0.4054651081081644
ATCGTTCAGGAGACTGCTAATAAGGTAGACAGAATG,5283,1834,0.3471512398258565,-1.0579947443479059
CTACTACAGGCAACTCTGAATGAGCTTGACAAGAGG,1057,1794,1.6972563859981078,0.5290130567485037
ATCCTACAGGCAACTCTGAATAAGGTAGACAGAATG,961,1326,1.379812695109261,0.3219477617755152
CTACTACAGGAGACTGCTAATGAGCTTGACAGAATG,1151,1949,1.693310165073849,0.5266852907856782
CTAGTTCAGGAGACTGCTAATGAGCTTGACAGAAGG,920,1427,1.5510869565217391,0.4389559474337504
ATCCTACAGGAGACTGCTAATGAGCTTGACAAGATG,450,467,1.0377777777777777,0.03708167490453178
ATCCTACAGGAGACTGCTAATAAGGTAGACAGAAGG,3290,9848,2.9933130699088144,1.0963808241048718
CTAGTTCAGGCAACTCTGAATAAGGTAGACAAGATG,2341,4820,2.05894916702264,0.7221957395537352
ATCGTTCAGGCAACTCTGAATAAGCTTGACAGAAGG,3607,3118,0.8644302744663155,-0.14568463128581718
ATCCTACAGGAGACTGCTAATAAGGTAGACAAGAGG,998,1021,1.0230460921843687,0.022784541853201546
CTAGTTCAGGAGACTCTGAATAAGCTTGACAAGATG,750,500,0.6666666666666666,-0.40546510810816444
CTACTACAGGCAACTCTGAATGAGGTAGACAGAAGG,774,2074,2.6795865633074936,0.9856625151997455
CTACTACAGGAGACTCTGAATGAGCTTGACAAGATG,520,958,1.8423076923076922,0.6110189663953874
ATCGTTCAGGAGACTCTGAATAAGCTTGACAAGATG,505,619,1.2257425742574257,0.20354684340923623
ATCGTTCAGGCAACTCTGAATGAGGTAGACAAGATG,583,1187,2.0360205831903944,0.7109972082591756
CTACTACAGGCAACTCTGAATGAGCTTGACAGAATG,1039,2140,2.059672762271415,0.7225471169166697
ATCGTTCAGGAGACTGCTAATGAGGTAGACAGAAGG,710,1077,1.5169014084507042,0.4166697071210274
CTACTACAGGCAACTGCTAATAAGGTAGACAGAATG,6748,568,0.08417308832246592,-2.4748800249447074
ATCCTACAGGCAACTGCTAATGAGCTTGACAAGAGG,704,548,0.7784090909090909,-0.25050306921002685
CTAGTTCAGGAGACTCTGAATGAGCTTGACAAGAGG,590,1801,3.052542372881356,1.1159748082761909
ATCCTACAGGCAACTGCTAATGAGGTAGACAAGAGG,1146,688,0.6003490401396161,-0.5102440593413411
CTAGTTCAGGCAACTGCTAATGAGCTTGACAGAAGG,3417,1488,0.4354697102721686,-0.8313300367222546
CTAGTTCAGGAGACTCTGAATAAGGTAGACAGAATG,3295,4978,1.510773899848255,0.4126220359909297
ATCCTACAGGCAACTCTGAATAAGGTAGACAAGAGG,664,615,0.9262048192771084,-0.07665988166991601
CTACTACAGGCAACTGCTAATGAGCTTGACAAGAGG,1213,1635,1.3478977741137674,0.2985461743873035
ATCCTACAGGCAACTGCTAATGAGCTTGACAGAAGG,763,612,0.8020969855832241,-0.220525748772131
ATCGTTCAGGCAACTGCTAATAAGCTTGACAGAATG,5287,452,0.08549271798751655,-2.459324076403219
ATCCTACAGGCAACTGCTAATAAGGTAGACAGAAGG,5283,10063,1.904788945674806,0.6443712127690173
ATCGTTCAGGCAACTCTGAATAAGCTTGACAAGATG,558,557,0.9982078853046595,-0.0017937224540268775
ATCCTACAGGAGACTGCTAATGAGCTTGACAAGAGG,626,1009,1.6118210862619808,0.4773646492535104
ATCCTACAGGCAACTGCTAATAAGCTTGACAAGAGG,2412,4785,1.9838308457711442,0.6850297460399786
CTACTACAGGCAACTGCTAATAAGCTTGACAAGAGG,2739,5877,2.1456736035049286,0.7634535373495722
CTAGTTCAGGAGACTGCTAATGAGGTAGACAGAAGG,1634,1265,0.7741738066095472,-0.25595887425832753
ATCCTACAGGCAACTGCTAATGAGGTAGACAGAATG,1246,1810,1.4526484751203852,0.373388424912473
ATCGTTCAGGCAACTCTGAATAAGGTAGACAAGAGG,849,3033,3.5724381625441697,1.2732483213772339
ATCGTTCAGGCAACTGCTAATAAGCTTGACAAGATG,3351,2416,0.7209788122948374,-0.32714552868260477
ATCGTTCAGGAGACTCTGAATAAGGTAGACAAGAGG,273,266,0.9743589743589743,-0.025975486403260677
ATCCTACAGGAGACTGCTAATGAGGTAGACAAGATG,459,461,1.0043572984749456,0.0043478329361034225
CTAGTTCAGGAGACTCTGAATAAGGTAGACAGAAGG,5110,4430,0.8669275929549902,-0.1427998201585688
CTAGTTCAGGAGACTCTGAATAAGCTTGACAGAAGG,2127,1027,0.4828396803008933,-0.7280706052716789
ATCGTTCAGGAGACTCTGAATAAGGTAGACAGAAGG,1782,987,0.5538720538720538,-0.5908215685972731
ATCCTACAGGCAACTCTGAATGAGGTAGACAGAATG,811,1029,1.2688039457459925,0.2380746817186366
ATCGTTCAGGCAACTGCTAATGAGCTTGACAAGATG,1645,3779,2.29726443768997,0.8317190401500167
ATCCTACAGGAGACTCTGAATGAGCTTGACAAGATG,463,567,1.224622030237581,0.20263224964151796
ATCCTACAGGCAACTCTGAATAAGGTAGACAAGATG,498,733,1.4718875502008033,0.3865456248619986
CTAGTTCAGGAGACTCTGAATGAGCTTGACAGAATG,874,1319,1.5091533180778032,0.4115487770617791
ATCCTACAGGAGACTCTGAATGAGGTAGACAAGATG,550,642,1.1672727272727272,0.15467002546344455
CTACTACAGGAGACTCTGAATAAGGTAGACAAGATG,711,653,0.9184247538677919,-0.08509530052680978
CTAGTTCAGGCAACTCTGAATAAGGTAGACAGAAGG,4832,7128,1.4751655629139073,0.3887702295359944
CTACTACAGGCAACTGCTAATGAGGTAGACAAGAGG,1233,3220,2.6115166261151663,0.9599311353741097
CTACTACAGGCAACTGCTAATGAGGTAGACAGAATG,4936,23853,4.832455429497569,1.5753547089843694
CTAGTTCAGGAGACTGCTAATGAGCTTGACAGAATG,2464,4115,1.6700487012987013,0.5128527884577598
ATCCTACAGGAGACTGCTAATAAGCTTGACAGAATG,375,305,0.8133333333333334,-0.20661424936299919
ATCGTTCAGGAGACTCTGAATGAGGTAGACAGAATG,657,660,1.004566210045662,0.004555816535860661
CTAGTTCAGGCAACTCTGAATAAGCTTGACAAGATG,772,883,1.1437823834196892,0.1343406505791839
CTAGTTCAGGAGACTGCTAATAAGCTTGACAGAATG,4126,7010,1.6989820649539507,0.5300292863974387
ATCCTACAGGAGACTGCTAATGAGGTAGACAGAATG,415,1344,3.23855421686747,1.1751270008523966
CTAGTTCAGGAGACTCTGAATAAGGTAGACAAGATG,521,1437,2.7581573896353166,1.014562844325658
CTACTACAGGAGACTGCTAATGAGGTAGACAGAATG,955,594,0.6219895287958115,-0.47483202111808537
CTAGTTCAGGAGACTGCTAATAAGCTTGACAAGAGG,4569,5080,1.111840665353469,0.10601689900925598
ATCGTTCAGGAGACTGCTAATGAGCTTGACAAGAGG,798,1020,1.2781954887218046,0.24544930882850802
ATCGTTCAGGAGACTCTGAATGAGGTAGACAGAAGG,359,478,1.3314763231197773,0.28628834400317715
ATCGTTCAGGCAACTCTGAATGAGCTTGACAAGAGG,689,771,1.1190130624092889,0.11244710254967098
ATCGTTCAGGCAACTGCTAATAAGCTTGACAAGAGG,3475,861,0.24776978417266188,-1.3952552535711615
CTACTACAGGAGACTGCTAATGAGGTAGACAAGATG,1667,5471,3.2819436112777445,1.188435811313032
ATCGTTCAGGCAACTGCTAATAAGGTAGACAAGATG,2608,298,0.1142638036809816,-2.169245436541139
ATCGTTCAGGCAACTCTGAATAAGGTAGACAAGATG,980,361,0.3683673469387755,-0.9986746133317367
CTACTACAGGCAACTCTGAATAAGCTTGACAAGATG,522,322,0.6168582375478927,-0.4831160423382304
ATCCTACAGGAGACTCTGAATAAGGTAGACAGAATG,666,541,0.8123123123123123,-0.20787039169390767
ATCGTTCAGGCAACTCTGAATGAGGTAGACAGAAGG,776,1109,1.4291237113402062,0.3570614671671483
ATCCTACAGGAGACTCTGAATAAGCTTGACAGAAGG,489,902,1.8445807770961145,0.6122520305877516
ATCGTTCAGGAGACTGCTAATGAGGTAGACAGAATG,926,803,0.8671706263498921,-0.14251952069941765
CTACTACAGGAGACTCTGAATAAGCTTGACAGAATG,497,337,0.6780684104627767,-0.388507095744267
CTAGTTCAGGAGACTGCTAATGAGCTTGACAAGAGG,709,748,1.0550070521861776,0.05354745144234967
ATCCTACAGGCAACTCTGAATAAGCTTGACAAGAGG,372,601,1.6155913978494623,0.47970108026206093
ATCCTACAGGCAACTCTGAATGAGCTTGACAGAAGG,814,1574,1.9336609336609336,0.6594150629748082
ATCCTACAGGAGACTGCTAATAAGCTTGACAGAAGG,867,2753,3.1753171856978084,1.1554075283620653
CTACTACAGGAGACTGCTAATAAGGTAGACAAGAGG,1791,5800,3.2384142936906755,1.1750837944737988
CTAGTTCAGGAGACTGCTAATGAGGTAGACAAGATG,4091,1953,0.477389391346859,-0.7394227870527196
ATCGTTCAGGCAACTCTGAATGAGCTTGACAGAAGG,712,1470,2.0646067415730336,0.7249397683608061
ATCGTTCAGGAGACTGCTAATGAGCTTGACAGAAGG,957,7351,7.681295715778474,2.0387882459211335
ATCCTACAGGCAACTGCTAATGAGGTAGACAAGATG,2051,3495,1.704046806435885,0.53300589659553
CTACTACAGGAGACTCTGAATGAGCTTGACAGAATG,610,1131,1.8540983606557377,0.6173985189487635
ATCGTTCAGGAGACTCTGAATAAGGTAGACAAGATG,709,711,1.002820874471086,0.0028169032711133734
CTAGTTCAGGCAACTCTGAATGAGCTTGACAAGATG,672,658,0.9791666666666666,-0.02105340919783238
CTACTACAGGAGACTGCTAATGAGCTTGACAAGAGG,683,1050,1.5373352855051245,0.430050583580779
CTAGTTCAGGCAACTCTGAATGAGGTAGACAAGATG,569,1199,2.1072056239015815,0.7453627209011832
ATCCTACAGGAGACTGCTAATGAGCTTGACAGAAGG,463,847,1.8293736501079914,0.6039736405658203
ATCCTACAGGAGACTGCTAATAAGCTTGACAAGAGG,461,734,1.5921908893709327,0.465110985617867
ATCGTTCAGGAGACTGCTAATGAGCTTGACAGAATG,833,989,1.1872749099639857,0.1716606894558695
CTACTACAGGAGACTCTGAATAAGGTAGACAGAAGG,1190,3139,2.63781512605042,0.9699509707363785
ATCGTTCAGGAGACTCTGAATAAGCTTGACAGAAGG,552,2631,4.766304347826087,1.5615712347631974
ATCGTTCAGGCAACTGCTAATGAGCTTGACAAGAGG,1136,2319,2.0413732394366195,0.7136227379744349
CTAGTTCAGGAGACTCTGAATAAGCTTGACAGAATG,842,881,1.0463182897862233,0.04527761169385282
CTAGTTCAGGAGACTCTGAATGAGGTAGACAAGATG,1028,978,0.9513618677042801,-0.049860775980293134
CTAGTTCAGGCAACTGCTAATAAGCTTGACAGAATG,428,287,0.6705607476635514,-0.3996409798221756
ATCCTACAGGCAACTGCTAATGAGCTTGACAGAATG,1519,1189,0.78275181040158,-0.24493960590499098
CTAGTTCAGGCAACTCTGAATGAGGTAGACAAGAGG,814,693,0.8513513513513513,-0.16093036681263712
ATCGTTCAGGCAACTCTGAATGAGGTAGACAGAATG,700,1556,2.222857142857143,0.7987933696949322
ATCCTACAGGAGACTGCTAATGAGCTTGACAGAATG,453,673,1.4856512141280354,0.39585320416169384
ATCGTTCAGGAGACTCTGAATAAGCTTGACAGAATG,412,607,1.4733009708737863,0.3875054417099718
CTACTACAGGCAACTCTGAATAAGCTTGACAGAAGG,835,2063,2.4706586826347303,0.9044847882203962
ATCCTACAGGCAACTCTGAATGAGGTAGACAAGAGG,632,983,1.5553797468354431,0.4417197260003092
ATCGTTCAGGAGACTCTGAATGAGCTTGACAGAAGG,832,1192,1.4326923076923077,0.3595554068040865
CTACTACAGGAGACTCTGAATAAGGTAGACAGAATG,954,419,0.4392033542976939,-0.8227927515261488
CTACTACAGGAGACTGCTAATGAGCTTGACAGAAGG,644,932,1.4472049689440993,0.36963408858123753
ATCCTACAGGCAACTCTGAATAAGCTTGACAAGATG,325,433,1.3323076923076924,0.28691254567275243
CTAGTTCAGGCAACTCTGAATGAGGTAGACAGAAGG,715,2130,2.979020979020979,1.0915947160094632
ATCCTACAGGAGACTCTGAATAAGGTAGACAAGAGG,329,263,0.7993920972644377,-0.22390371858760733
CTAGTTCAGGAGACTCTGAATGAGGTAGACAGAAGG,718,809,1.126740947075209,0.11932934801026758
CTACTACAGGCAACTCTGAATAAGCTTGACAAGAGG,424,1321,3.115566037735849,1.1364108492903675
CTACTACAGGAGACTCTGAATAAGCTTGACAAGAGG,564,593,1.051418439716312,0.0501401474996665
ATCGTTCAGGCAACTGCTAATAAGGTAGACAGAATG,2416,315,0.13038079470198677,-2.0372959202290724
ATCGTTCAGGAGACTCTGAATAAGCTTGACAAGAGG,531,1058,1.9924670433145009,0.6893735911763058
ATCGTTCAGGAGACTGCTAATAAGCTTGACAGAATG,1404,2095,1.4921652421652423,0.4002282477704817
ATCGTTCAGGAGACTGCTAATGAGCTTGACAAGATG,586,498,0.8498293515358362,-0.1627197125523597
ATCCTACAGGAGACTCTGAATGAGGTAGACAGAATG,360,527,1.4638888888888888,0.38109651709120657
ATCGTTCAGGAGACTCTGAATGAGGTAGACAAGAGG,553,446,0.8065099457504521,-0.2150390495022707
ATCCTACAGGAGACTGCTAATAAGGTAGACAAGATG,293,370,1.2627986348122866,0.23333039662120275
ATCCTACAGGCAACTCTGAATGAGCTTGACAAGATG,413,1008,2.440677966101695,0.8922758556702812
ATCCTACAGGCAACTCTGAATAAGCTTGACAGAAGG,930,941,1.0118279569892472,0.011758553438077916
CTACTACAGGAGACTGCTAATGAGGTAGACAAGAGG,568,712,1.2535211267605635,0.2259564926908245
ATCCTACAGGAGACTCTGAATGAGCTTGACAGAAGG,437,591,1.3524027459954233,0.301882822310508
CTAGTTCAGGCAACTGCTAATGAGCTTGACAAGAGG,1411,2309,1.6364280652019845,0.49251585750168136
CTACTACAGGAGACTCTGAATGAGCTTGACAAGAGG,819,1055,1.2881562881562882,0.2532119620570975
ATCGTTCAGGAGACTCTGAATGAGCTTGACAGAATG,906,1455,1.6059602649006623,0.4737218735626136
CTACTACAGGCAACTCTGAATGAGGTAGACAAGATG,508,1523,2.998031496062992,1.0979559053166799
CTAGTTCAGGAGACTCTGAATAAGGTAGACAAGAGG,805,727,0.9031055900621118,-0.10191579988504404
CTAGTTCAGGAGACTCTGAATGAGGTAGACAGAATG,454,570,1.2555066079295154,0.22753916278724784
CTACTACAGGCAACTCTGAATGAGCTTGACAGAAGG,782,1260,1.6112531969309463,0.4770122594002125
CTACTACAGGCAACTCTGAATGAGGTAGACAAGAGG,518,347,0.6698841698841699,-0.40065046231262386
ATCCTACAGGAGACTCTGAATGAGCTTGACAGAATG,494,582,1.1781376518218623,0.16393493054351524
ATCGTTCAGGAGACTGCTAATAAGCTTGACAAGATG,630,836,1.326984126984127,0.2829087936991232
CTACTACAGGCAACTGCTAATGAGCTTGACAGAAGG,882,1959,2.2210884353741496,0.7979973619377494
ATCCTACAGGAGACTGCTAATGAGGTAGACAGAAGG,480,600,1.25,0.22314355131420974
CTACTACAGGAGACTCTGAATGAGCTTGACAGAAGG,658,907,1.378419452887538,0.32093751878981935
CTACTACAGGAGACTCTGAATGAGGTAGACAAGAGG,553,393,0.7106690777576854,-0.34154838965307355
ATCCTACAGGCAACTCTGAATGAGCTTGACAGAATG,547,605,1.106032906764168,0.10077965560886018
ATCCTACAGGAGACTCTGAATAAGCTTGACAAGATG,170,492,2.8941176470588235,1.0626802794420462
CTAGTTCAGGAGACTCTGAATAAGCTTGACAAGAGG,484,751,1.5516528925619835,0.439320745047503
CTACTACAGGAGACTCTGAATAAGCTTGACAGAAGG,312,749,2.4006410256410255,0.8757357957077371
ATCCTACAGGAGACTCTGAATAAGCTTGACAGAATG,223,491,2.201793721973094,0.7892723563344017
ATCCTACAGGCAACTCTGAATGAGGTAGACAAGATG,153,295,1.9281045751633987,0.6565374349473844
ATCCTACAGGAGACTCTGAATGAGGTAGACAGAAGG,503,722,1.4353876739562623,0.36143496879308695
ATCGTTCAGGCAACTCTGAATGAGGTAGACAAGAGG,488,409,0.8381147540983607,-0.17660024981034542
CTACTACAGGCAACTCTGAATGAGGTAGACAGAATG,576,1861,3.2309027777777777,1.1727615959463593
CTACTACAGGAGACTGCTAATGAGCTTGACAAGATG,895,1285,1.4357541899441342,0.3616902790544649
ATCCTACAGGCAACTCTGAATAAGCTTGACAGAATG,270,209,0.774074074074074,-0.2560877070335638
ATCCTACAGGAGACTCTGAATAAGGTAGACAAGATG,386,918,2.378238341968912,0.8663600211556596
ATCCTACAGGAGACTCTGAATAAGCTTGACAAGAGG,342,246,0.7192982456140351,-0.3294792011302423
CTACTACAGGAGACTCTGAATAAGGTAGACAAGAGG,297,695,2.34006734006734,0.8501797067620924
CTACTACAGGAGACTCTGAATGAGGTAGACAGAATG,316,365,1.1550632911392404,0.14415513999557933
CTAGTTCAGGAGACTCTGAATGAGGTAGACAAGAGG,401,998,2.488778054862843,0.9117918490048948
ATCGTTCAGGCAACTCTGAATAAGCTTGACAAGAGG,402,1731,4.3059701492537314,1.4600024665571882
