sequence,count_2x_lib1,count_4xplus_lib1,FC_lib1,logFC_lib1,count_2x_lib2,count_4xplus_lib2,FC_lib2,logFC_lib2,mean_FC,mean_logFC
ATCGTTCAGGCAACTGCTAATAAGGTAGACAGAAGG,1566,394,0.2515964240102171,-1.3799289672528146,3987,526,0.1319287684976172,-2.025493134643645,0.19176259625391714,-1.70271105094823
CTACTACAGGAGACTGCTAATAAGGTAGACAAGATG,2430,1865,0.7674897119341564,-0.2646302042566782,2470,24197,9.796356275303644,2.2820105078960697,5.281922993618901,1.0086901518196958
CTACTACAGGCAACTGCTAATAAGGTAGACAGAAGG,13639,591,0.043331622552973,-3.138872597520777,14430,771,0.0534303534303534,-2.929376278204587,0.048380987991663196,-3.034124437862682
CTAGTTCAGGCAACTGCTAATAAGCTTGACAGAAGG,6692,663,0.0990735206216377,-2.311893071920852,5133,866,0.1687122540424702,-1.779560653997868,0.13389288733205396,-2.04572686295936
CTACTACAGGCAACTCTGAATAAGCTTGACAGAATG,886,567,0.6399548532731377,-0.4463576468773288,3796,404,0.1064278187565858,-2.2402882817686685,0.37319133601486176,-1.3433229643229987
CTACTACAGGCAACTGCTAATGAGGTAGACAGAAGG,2053,6400,3.117389186556259,1.1369958523288295,3296,3932,1.1929611650485437,0.1764385902376948,2.1551751758024014,0.6567172212832622
ATCGTTCAGGCAACTGCTAATAAGCTTGACAGAAGG,1977,360,0.1820940819423368,-1.7032317917204611,4663,559,0.1198799056401458,-2.1212648236532217,0.1509869937912413,-1.9122483076868413
CTACTACAGGAGACTGCTAATGAGGTAGACAGAAGG,880,1845,2.096590909090909,0.7403126490023754,607,1828,3.011532125205931,1.102448960954597,2.55406151714842,0.9213808049784862
CTAGTTCAGGAGACTCTGAATGAGCTTGACAGAAGG,628,1705,2.714968152866242,0.9987802232494184,762,1536,2.015748031496063,0.7009903580209712,2.3653580921811526,0.8498852906351948
CTAGTTCAGGAGACTGCTAATGAGGTAGACAAGAGG,1308,1387,1.0603975535168195,0.0586438882976875,1338,760,0.5680119581464873,-0.565612807407797,0.8142047558316534,-0.2534844595550547
ATCGTTCAGGAGACTGCTAATAAGGTAGACAGAAGG,9674,1108,0.1145338019433533,-2.1668852860756997,30338,1161,0.0382688377612235,-3.263119349453726,0.0764013198522884,-2.715002317764713
ATCGTTCAGGAGACTGCTAATAAGCTTGACAAGAGG,1587,4303,2.7114051669817267,0.9974670123121906,2753,1284,0.4664002905920814,-0.7627110208927008,1.588902728786904,0.11737799570974489
CTAGTTCAGGCAACTGCTAATAAGCTTGACAAGAGG,9864,1821,0.184610705596107,-1.689505965116572,21332,2289,0.1073035814738421,-2.232093251767926,0.14595714353497455,-1.960799608442249
CTAGTTCAGGCAACTGCTAATAAGGTAGACAAGATG,3611,700,0.1938521185267239,-1.640659686234053,3212,694,0.2160647571606475,-1.5321771145598475,0.2049584378436857,-1.5864184003969504
CTACTACAGGAGACTGCTAATAAGCTTGACAGAATG,3132,4349,1.3885696040868454,0.3282741554869445,3166,2319,0.7324699936828806,-0.3113329031854258,1.060519798884863,0.008470626150759358
ATCGTTCAGGCAACTGCTAATGAGGTAGACAGAAGG,3517,2614,0.7432470855843049,-0.2967267382898151,5566,19395,3.4845490477901544,1.2483386377882313,2.11389806668723,0.4758059497492081
ATCGTTCAGGCAACTCTGAATAAGGTAGACAGAAGG,5836,41275,7.072481151473612,1.9562113591456525,5719,3596,0.628781255464242,-0.4639718483238052,3.850631203468927,0.7461197554109236
ATCGTTCAGGAGACTGCTAATAAGGTAGACAAGAGG,5520,338,0.061231884057971,-2.793087243788122,9053,749,0.0827350049707279,-2.4921124899582208,0.07198344451434946,-2.642599866873171
CTACTACAGGAGACTGCTAATAAGCTTGACAAGATG,345,548,1.5884057971014494,0.4627308699166558,347,1010,2.910662824207493,1.0683808298884458,2.249534310654471,0.7655558499025508
CTAGTTCAGGCAACTGCTAATAAGCTTGACAAGATG,8834,1476,0.1670817296807788,-1.789272186996054,6682,1010,0.1511523495959293,-1.8894670130813969,0.15911703963835405,-1.8393696000387254
CTAGTTCAGGAGACTGCTAATAAGGTAGACAAGATG,3769,242,0.0642080127354736,-2.745627267110449,9207,447,0.0485500162919517,-3.025160748674277,0.05637901451371265,-2.885394007892363
ATCCTACAGGCAACTCTGAATGAGCTTGACAAGAGG,509,1135,2.2298624754420437,0.8019399133649803,322,895,2.779503105590062,1.022272172730447,2.504682790516053,0.9121060430477136
ATCCTACAGGCAACTGCTAATAAGGTAGACAAGATG,5919,2388,0.4034465281297516,-0.9077113201782324,5411,12153,2.245980410275365,0.809142134228065,1.3247134692025584,-0.049284592975083696
CTAGTTCAGGCAACTGCTAATGAGCTTGACAGAATG,3456,4280,1.2384259259259258,0.2138411586518961,9709,3277,0.3375218869090534,-1.0861249206713304,0.7879739064174895,-0.4361418810097171
ATCCTACAGGAGACTGCTAATGAGGTAGACAAGAGG,411,404,0.9829683698296836,-0.0171783365350845,318,1077,3.3867924528301887,1.2198832943762117,2.184880411329936,0.6013524789205635
CTAGTTCAGGAGACTGCTAATAAGGTAGACAGAAGG,9590,801,0.0835245046923879,-2.482615220809125,6323,673,0.1064368179661553,-2.2402037284138854,0.0949806613292716,-2.361409474611505
CTACTACAGGCAACTGCTAATAAGGTAGACAAGAGG,5468,2608,0.4769568397951719,-0.7403292747972966,11737,32851,2.798926471841186,1.029235940749607,1.637941655818179,0.1444533329761552
ATCGTTCAGGAGACTGCTAATAAGGTAGACAAGATG,2529,2120,0.8382759984183472,-0.1764078790039069,4241,4264,1.0054232492336712,0.0054085963710896,0.9218496238260092,-0.08549964131640865
ATCGTTCAGGAGACTCTGAATGAGGTAGACAAGATG,441,617,1.399092970521542,0.3358241484585418,182,697,3.82967032967033,1.3427787236837283,2.614381650095936,0.839301436071135
CTAGTTCAGGCAACTGCTAATAAGGTAGACAGAAGG,6287,736,0.1170669635756322,-2.145009169654185,7704,663,0.0860591900311526,-2.452719963292099,0.10156307680339241,-2.298864566473142
CTAGTTCAGGAGACTGCTAATAAGGTAGACAAGAGG,10808,17356,1.6058475203552924,0.4736516672782065,8693,1195,0.1374669274128609,-1.9843719187134528,0.8716572238840766,-0.7553601257176231
ATCGTTCAGGCAACTGCTAATGAGGTAGACAGAATG,2530,8323,3.289723320158102,1.190803464024529,10209,9834,0.9632677049662064,-0.0374239151971307,2.1264955125621543,0.5766897744136992
ATCGTTCAGGAGACTCTGAATGAGCTTGACAAGAGG,984,645,0.6554878048780488,-0.4223755802564809,706,1095,1.5509915014164306,0.4388944047573591,1.1032396531472397,0.00825941225043908
ATCGTTCAGGAGACTGCTAATGAGGTAGACAAGAGG,809,836,1.0333745364647713,0.0328296960262098,542,1613,2.976014760147601,1.0905850766855627,2.0046946483061863,0.5617073863558862
CTAGTTCAGGAGACTGCTAATAAGGTAGACAGAATG,5445,478,0.0877869605142332,-2.432842302875605,9277,545,0.0587474399051417,-2.8345077029900274,0.07326720020968745,-2.633675002932816
CTACTACAGGCAACTCTGAATGAGCTTGACAAGATG,879,1199,1.364050056882821,0.3104582573423372,488,773,1.584016393442623,0.4599636427342748,1.4740332251627222,0.38521095003830597
ATCGTTCAGGCAACTCTGAATGAGCTTGACAAGATG,681,1273,1.8693098384728344,0.6255692924078942,1125,824,0.7324444444444445,-0.3113677847290487,1.3008771414586393,0.15710075383942274
CTAGTTCAGGCAACTCTGAATAAGGTAGACAAGAGG,1948,2325,1.1935318275154003,0.1769168338189762,1524,1319,0.865485564304462,-0.1444645835292769,1.029508695909931,0.01622612514484964
ATCGTTCAGGCAACTGCTAATGAGCTTGACAGAAGG,1743,1416,0.8123924268502581,-0.2077717712663559,1925,3794,1.970909090909091,0.6784949037730749,1.3916507588796745,0.23536156625335947
CTACTACAGGCAACTGCTAATAAGGTAGACAAGATG,4932,669,0.1356447688564477,-1.9977158041560064,10300,1052,0.102135922330097,-2.281450780920072,0.11889034559327234,-2.139583292538039
CTAGTTCAGGAGACTGCTAATGAGGTAGACAGAATG,3360,15201,4.524107142857143,1.5094202411867694,9808,11300,1.152120717781403,0.1416043465244393,2.838113930319273,0.8255122938556043
CTAGTTCAGGAGACTCTGAATGAGCTTGACAAGATG,954,838,0.8784067085953878,-0.1296455709662035,471,1576,3.346072186836518,1.2077871764014068,2.112239447715953,0.5390708027176017
ATCGTTCAGGCAACTGCTAATGAGCTTGACAGAATG,4707,2934,0.6233269598470363,-0.4726840826982152,10845,6172,0.5691101890272015,-0.5636812097779234,0.5962185744371189,-0.5181826462380693
CTAGTTCAGGCAACTCTGAATGAGCTTGACAAGAGG,826,1082,1.3099273607748183,0.2699716858854487,837,741,0.8853046594982079,-0.1218234451933884,1.097616010136513,0.07407412034603014
CTAGTTCAGGCAACTGCTAATGAGGTAGACAAGAGG,5785,4440,0.7675021607605877,-0.2646139842015065,9673,16461,1.7017471311899102,0.5316554475445381,1.234624645975249,0.1335207316715158
ATCGTTCAGGCAACTGCTAATGAGGTAGACAAGATG,7657,23432,3.060206347133342,1.118482347394446,5365,11544,2.1517241379310343,0.7662694453889078,2.6059652425321884,0.942375896391677
CTACTACAGGCAACTGCTAATAAGCTTGACAGAAGG,4366,731,0.1674301420064131,-1.787189077360111,6097,7156,1.173691979662129,0.1601543187207937,0.670561060834271,-0.8135173793196586
ATCCTACAGGCAACTGCTAATAAGGTAGACAGAATG,9571,3086,0.322432347717062,-1.1318619392728002,11552,10173,0.880626731301939,-0.1271214303388592,0.6015295395095005,-0.6294916848058297
CTACTACAGGAGACTGCTAATAAGCTTGACAAGAGG,1367,4815,3.522311631309437,1.2591174875082765,857,2534,2.9568261376896148,1.0841164422833045,3.239568884499526,1.1716169648957906
CTAGTTCAGGCAACTGCTAATGAGGTAGACAGAATG,5489,433,0.0788850428128985,-2.5397636405474,4604,3214,0.6980886185925282,-0.3594092235443153,0.3884868307027134,-1.4495864320458576
CTACTACAGGCAACTGCTAATGAGGTAGACAAGATG,4535,8150,1.797133406835722,0.5861928436856714,8328,4741,0.5692843419788665,-0.5633752473926865,1.1832088744072942,0.011408798146492427
ATCCTACAGGAGACTGCTAATAAGGTAGACAGAATG,2378,3805,1.6000841042893188,0.4700561930450591,1890,4107,2.173015873015873,0.7761160059028704,1.8865499886525958,0.6230860994739648
ATCCTACAGGAGACTCTGAATAAGGTAGACAGAAGG,644,444,0.6894409937888198,-0.3718741636721289,234,487,2.0811965811965814,0.7329430077248884,1.3853187874927007,0.18053442202637976
ATCCTACAGGCAACTGCTAATGAGGTAGACAGAAGG,1300,2625,2.019230769230769,0.702716631576096,1514,2035,1.3441215323645972,0.2957406638793013,1.6816761507976832,0.49922864772769865
CTACTACAGGAGACTCTGAATGAGGTAGACAAGATG,865,893,1.0323699421965318,0.0318570739446197,393,1141,2.9033078880407124,1.0658507379928144,1.9678389151186222,0.5488539059687171
ATCCTACAGGCAACTCTGAATGAGGTAGACAGAAGG,514,541,1.0525291828793777,0.0511960133913164,239,813,3.401673640167364,1.2242675576163,2.227101411523371,0.6377317855038082
CTAGTTCAGGCAACTCTGAATAAGCTTGACAGAAGG,3550,2465,0.6943661971830986,-0.364755795992671,4541,25748,5.670116714380092,1.7352097020745552,3.1822414557815955,0.685226953040942
ATCGTTCAGGCAACTCTGAATAAGGTAGACAGAATG,2204,2616,1.1869328493647913,0.1713725423042842,3295,2475,0.7511380880121397,-0.2861657719338168,0.9690354686884655,-0.05739661481476631
CTACTACAGGCAACTCTGAATAAGGTAGACAAGATG,904,870,0.9623893805309734,-0.0383361487435471,540,2239,4.146296296296296,1.4222154770404347,2.554342838413635,0.6919396641484438
CTACTACAGGCAACTGCTAATAAGCTTGACAAGATG,6028,2140,0.3550099535500995,-1.035609451730489,7415,2347,0.3165205664194201,-1.1503670587210089,0.3357652599847598,-1.092988255225749
CTACTACAGGAGACTGCTAATAAGGTAGACAGAATG,7648,1635,0.213781380753138,-1.5428013713998834,11029,15959,1.4470033547919123,0.3694947660930395,0.8303923677725251,-0.586653302653422
CTAGTTCAGGCAACTCTGAATAAGCTTGACAAGAGG,771,484,0.6277561608300908,-0.4656034668466978,358,2600,7.262569832402234,1.982733737608873,3.9451629966161628,0.7585651353810876
CTAGTTCAGGCAACTGCTAATGAGCTTGACAAGATG,3595,3910,1.0876216968011128,0.0839933828242645,4155,6360,1.530685920577617,0.4257159490446192,1.309153808689365,0.25485466593444184
CTACTACAGGCAACTGCTAATGAGCTTGACAGAATG,4027,7239,1.7976160913831636,0.5864613934416872,5146,16519,3.210066070734551,1.1662915197134511,2.5038410810588574,0.8763764565775691
ATCCTACAGGCAACTGCTAATAAGCTTGACAGAAGG,2468,597,0.2418962722852512,-1.4192462716326764,13399,755,0.0563474886185536,-2.876217607039583,0.1491218804519024,-2.1477319393361296
ATCGTTCAGGAGACTCTGAATGAGCTTGACAAGATG,809,855,1.0568603213844252,0.0553025518782685,516,1554,3.011627906976744,1.10248076544603,2.0342441141805847,0.5788916586621493
ATCGTTCAGGCAACTGCTAATAAGGTAGACAAGAGG,3765,365,0.096945551128818,-2.3336057866515025,7632,633,0.082940251572327,-2.4896347909839465,0.08994290135057251,-2.4116202888177245
CTAGTTCAGGCAACTCTGAATGAGCTTGACAGAATG,1588,2060,1.2972292191435768,0.2602306199765457,1649,4573,2.77319587628866,1.0200004010984562,2.0352125477161183,0.6401155105375009
ATCGTTCAGGCAACTCTGAATAAGCTTGACAGAATG,3087,1591,0.515387107223842,-0.6628369961643723,523,839,1.604206500956023,0.4726292424022832,1.0597968040899324,-0.09510387688104455
CTACTACAGGAGACTGCTAATAAGCTTGACAGAAGG,1382,1213,0.877713458755427,-0.130435095383565,2475,8369,3.381414141414141,1.2182940070300832,2.1295638000847843,0.5439294558232591
ATCCTACAGGCAACTGCTAATAAGCTTGACAGAATG,4224,10634,2.5175189393939394,0.9232738686781864,5289,3221,0.6089998109283419,-0.495937321734781,1.5632593751611408,0.2136682734717027
CTAGTTCAGGCAACTGCTAATAAGGTAGACAAGAGG,2784,344,0.1235632183908046,-2.091002364080912,8947,289,0.0323013300547669,-3.432646871435164,0.07793227422278576,-2.7618246177580383
ATCCTACAGGCAACTGCTAATGAGCTTGACAAGATG,904,1185,1.3108407079646018,0.2706686931770551,700,1926,2.751428571428572,1.012120257314666,2.031134639696587,0.6413944752458605
CTACTACAGGCAACTGCTAATGAGCTTGACAAGATG,1545,2143,1.3870550161812298,0.3271828061417312,2019,2747,1.3605745418524022,0.3079070677824363,1.373814779016816,0.31754493696208375
CTACTACAGGCAACTCTGAATAAGGTAGACAGAATG,9398,9243,0.9835071291764204,-0.0166303923979834,5408,5310,0.981878698224852,-0.0182875034868154,0.9826929137006362,-0.0174589479423994
ATCGTTCAGGAGACTGCTAATGAGGTAGACAAGATG,1963,6959,3.54508405501783,1.2655618705683889,1400,4650,3.321428571428572,1.200394982978052,3.4332563132232012,1.2329784267732204
CTAGTTCAGGCAACTCTGAATGAGCTTGACAGAAGG,1085,1075,0.9907834101382488,-0.0092593254127967,715,2146,3.0013986013986016,1.0990783804966362,1.9960910057684251,0.5449095275419198
CTAGTTCAGGAGACTGCTAATAAGCTTGACAAGATG,1281,2499,1.9508196721311477,0.668249628938218,1143,5113,4.47331583552056,1.4981299312851886,3.2120677538258535,1.0831897801117032
ATCCTACAGGCAACTCTGAATAAGGTAGACAGAAGG,1808,1999,1.105641592920354,0.1004257935482783,2213,3722,1.6818798011748757,0.5199120971511464,1.3937606970476148,0.31016894534971234
CTACTACAGGCAACTGCTAATAAGCTTGACAGAATG,1829,1194,0.6528157463094587,-0.4264603544383183,6626,11572,1.7464533655297314,0.5575870832361846,1.1996345559195951,0.06556336439893312
CTACTACAGGAGACTCTGAATAAGCTTGACAAGATG,476,1371,2.880252100840336,1.0578778253308945,282,1241,4.400709219858156,1.4817657142664935,3.6404806603492457,1.269821769798694
CTAGTTCAGGCAACTCTGAATAAGGTAGACAGAATG,9322,8966,0.9618107702209826,-0.0389375522173014,6782,8858,1.3061043939840755,0.2670489617975596,1.133957582102529,0.11405570479012911
ATCGTTCAGGAGACTGCTAATAAGCTTGACAGAAGG,7368,1155,0.1567589576547231,-1.8530459549792488,10032,3805,0.379286283891547,-0.9694639925769156,0.26802262077313505,-1.4112549737780822
ATCCTACAGGCAACTGCTAATAAGGTAGACAAGAGG,6385,2543,0.3982772122161315,-0.92060700304452,14618,4453,0.3046244356273088,-1.1886756197186346,0.3514508239217201,-1.0546413113815774
ATCCTACAGGAGACTGCTAATAAGCTTGACAAGATG,300,415,1.3833333333333333,0.3244960455744972,286,351,1.2272727272727273,0.2047944126460132,1.3053030303030302,0.2646452291102552
CTACTACAGGCAACTCTGAATAAGGTAGACAGAAGG,9921,10107,1.0187481100695497,0.0185745304247601,2780,1533,0.5514388489208633,-0.5952243278128687,0.7850934794952065,-0.2883248986940543
CTAGTTCAGGCAACTCTGAATGAGGTAGACAGAATG,3979,5163,1.2975622015581805,0.2604872744527204,2846,1957,0.6876317638791286,-0.3745018112537214,0.9925969827186545,-0.057007268400500494
CTAGTTCAGGAGACTGCTAATGAGCTTGACAAGATG,1210,862,0.7123966942148761,-0.3391203679270936,1054,2388,2.2656546489563567,0.817863745411185,1.4890256715856163,0.2393716887420457
CTAGTTCAGGCAACTGCTAATGAGGTAGACAGAAGG,5716,17491,3.0600069979006297,1.1184172028573052,11837,5355,0.4523950325251331,-0.7931995150720443,1.7562010152128813,0.16260884389263042
ATCCTACAGGAGACTCTGAATGAGCTTGACAAGAGG,689,1161,1.6850507982583454,0.5217957106842328,625,742,1.1872,0.1715975934309789,1.4361253991291727,0.34669665205760586
CTACTACAGGCAACTCTGAATAAGGTAGACAAGAGG,645,1463,2.268217054263566,0.8189940842243518,887,1667,1.879368658399098,0.6309359004412145,2.073792856331332,0.7249649923327832
CTAGTTCAGGAGACTGCTAATAAGCTTGACAGAAGG,5290,508,0.0960302457466918,-2.3430920772738637,8175,786,0.0961467889908256,-2.3418792033362474,0.0960885173687587,-2.3424856403050556
ATCGTTCAGGAGACTCTGAATAAGGTAGACAGAATG,1282,2013,1.5702028081123245,0.4512047881591761,1433,2607,1.8192602930914168,0.5984299861053298,1.6947315506018708,0.524817387132253
CTACTACAGGAGACTGCTAATAAGGTAGACAGAAGG,6557,3140,0.4788775354582888,-0.7363103813613203,5792,26682,4.606698895027624,1.527511525673199,2.5427882152429566,0.39560057215593936
CTAGTTCAGGCAACTCTGAATAAGCTTGACAGAATG,2592,8801,3.3954475308641974,1.2224355729016465,6957,1423,0.2045421877245939,-1.586981027833789,1.7999948592943957,-0.18227272746607126
ATCGTTCAGGCAACTGCTAATGAGGTAGACAAGAGG,5365,16817,3.1345759552656105,1.142493903457951,3615,10485,2.900414937759336,1.0648538087431552,3.0174954465124735,1.1036738561005532
ATCCTACAGGAGACTCTGAATGAGGTAGACAAGAGG,353,1084,3.0708215297450425,1.1219451250662948,417,1277,3.062350119904077,1.119182634233738,3.0665858248245597,1.1205638796500166
CTAGTTCAGGCAACTGCTAATAAGGTAGACAGAATG,2482,184,0.0741337630942788,-2.601884208155566,2851,210,0.0736583654857944,-2.608317558195203,0.07389606429003659,-2.6051008831753846
ATCGTTCAGGCAACTCTGAATGAGCTTGACAGAATG,1106,2507,2.266726943942134,0.8183369160760133,891,1783,2.001122334455668,0.693708190392331,2.1339246391989013,0.7560225532341722
ATCCTACAGGCAACTGCTAATAAGCTTGACAAGATG,1861,3500,1.8807092960773777,0.6316489908352543,1983,2699,1.3610690872415532,0.3082704844982086,1.6208891916594654,0.46995973766673144
CTACTACAGGAGACTCTGAATGAGGTAGACAGAAGG,386,625,1.6191709844559583,0.4819142802715705,1166,928,0.7958833619210978,-0.2283026341242371,1.207527173188528,0.12680582307366672
CTAGTTCAGGCAACTGCTAATGAGGTAGACAAGATG,2782,4173,1.5,0.4054651081081644,14024,826,0.0588990302338847,-2.831930653080092,0.7794495151169424,-1.2132327724859637
ATCGTTCAGGAGACTGCTAATAAGGTAGACAGAATG,5283,1834,0.3471512398258565,-1.057994744347906,10885,8565,0.7868626550298576,-0.2397015629104275,0.5670069474278571,-0.6488481536291668
CTACTACAGGCAACTCTGAATGAGCTTGACAAGAGG,1057,1794,1.6972563859981078,0.5290130567485037,674,1903,2.8234421364985165,1.0379567563838423,2.260349261248312,0.7834849065661731
ATCCTACAGGCAACTCTGAATAAGGTAGACAGAATG,961,1326,1.379812695109261,0.3219477617755152,695,1523,2.19136690647482,0.7845255073303696,1.7855898007920405,0.5532366345529425
CTACTACAGGAGACTGCTAATGAGCTTGACAGAATG,1151,1949,1.693310165073849,0.5266852907856782,1134,2071,1.8262786596119929,0.6022803771078867,1.759794412342921,0.5644828339467824
CTAGTTCAGGAGACTGCTAATGAGCTTGACAGAAGG,920,1427,1.5510869565217391,0.4389559474337504,420,1045,2.488095238095238,0.9115174531214972,2.0195910973084885,0.6752367002776238
ATCCTACAGGAGACTGCTAATGAGCTTGACAAGATG,450,467,1.0377777777777777,0.0370816749045317,277,729,2.631768953068592,0.9676562258213196,1.8347733654231848,0.5023689503629256
ATCCTACAGGAGACTGCTAATAAGGTAGACAGAAGG,3290,9848,2.9933130699088144,1.0963808241048718,15720,6784,0.4315521628498728,-0.8403668885114585,1.7124326163793435,0.12800696779670667
CTAGTTCAGGCAACTCTGAATAAGGTAGACAAGATG,2341,4820,2.05894916702264,0.7221957395537352,2491,4235,1.7001204335608189,0.5306990918239742,1.8795348002917294,0.6264474156888546
ATCGTTCAGGCAACTCTGAATAAGCTTGACAGAAGG,3607,3118,0.8644302744663155,-0.1456846312858171,5595,3625,0.647899910634495,-0.4340190534572505,0.7561650925504053,-0.28985184237153383
ATCCTACAGGAGACTGCTAATAAGGTAGACAAGAGG,998,1021,1.0230460921843687,0.0227845418532015,1245,2093,1.681124497991968,0.5194629135471918,1.3520852950881683,0.27112372770019666
CTAGTTCAGGAGACTCTGAATAAGCTTGACAAGATG,750,500,0.6666666666666666,-0.4054651081081644,474,1262,2.6624472573839664,0.979245721406082,1.6645569620253164,0.2868903066489588
CTACTACAGGCAACTCTGAATGAGGTAGACAGAAGG,774,2074,2.6795865633074936,0.9856625151997456,768,989,1.2877604166666667,0.25290459847504,1.9836734899870803,0.6192835568373928
CTACTACAGGAGACTCTGAATGAGCTTGACAAGATG,520,958,1.842307692307692,0.6110189663953874,516,793,1.5368217054263569,0.4297164561532853,1.6895646988670245,0.5203677112743363
ATCGTTCAGGAGACTCTGAATAAGCTTGACAAGATG,505,619,1.2257425742574255,0.2035468434092362,274,881,3.2153284671532845,1.1679295195481092,2.220535520705355,0.6857381814786727
ATCGTTCAGGCAACTCTGAATGAGGTAGACAAGATG,583,1187,2.0360205831903944,0.7109972082591756,677,1418,2.094534711964549,0.7393314341797977,2.0652776475774717,0.7251643212194867
CTACTACAGGCAACTCTGAATGAGCTTGACAGAATG,1039,2140,2.059672762271415,0.7225471169166697,1031,2090,2.027158098933074,0.7066348609418968,2.0434154306022445,0.7145909889292832
ATCGTTCAGGAGACTGCTAATGAGGTAGACAGAAGG,710,1077,1.5169014084507042,0.4166697071210274,346,681,1.9682080924855487,0.6771235310917881,1.7425547504681265,0.5468966191064077
CTACTACAGGCAACTGCTAATAAGGTAGACAGAATG,6748,568,0.0841730883224659,-2.4748800249447074,6438,5295,0.8224603914259087,-0.1954549538232466,0.4533167398741873,-1.335167489383977
ATCCTACAGGCAACTGCTAATGAGCTTGACAAGAGG,704,548,0.7784090909090909,-0.2505030692100268,474,782,1.649789029535865,0.5006474188502346,1.214099060222478,0.12507217482010388
CTAGTTCAGGAGACTCTGAATGAGCTTGACAAGAGG,590,1801,3.052542372881356,1.1159748082761909,340,1619,4.761764705882353,1.560618336067428,3.9071535393818544,1.3382965721718094
ATCCTACAGGCAACTGCTAATGAGGTAGACAAGAGG,1146,688,0.6003490401396161,-0.5102440593413411,1129,2467,2.1851195748449954,0.7816705523796946,1.3927343074923058,0.13571324651917677
CTAGTTCAGGCAACTGCTAATGAGCTTGACAGAAGG,3417,1488,0.4354697102721686,-0.8313300367222546,6509,13029,2.00168996773698,0.6939918076305444,1.2185798390045743,-0.06866911454585511
CTAGTTCAGGAGACTCTGAATAAGGTAGACAGAATG,3295,4978,1.510773899848255,0.4126220359909297,7495,26121,3.4851234156104067,1.248503456960027,2.4979486577293306,0.8305627464754783
ATCCTACAGGCAACTCTGAATAAGGTAGACAAGAGG,664,615,0.9262048192771084,-0.076659881669916,311,553,1.7781350482315113,0.5755650893431006,1.3521699337543098,0.2494526038365923
CTACTACAGGCAACTGCTAATGAGCTTGACAAGAGG,1213,1635,1.3478977741137674,0.2985461743873035,827,1338,1.6178960096735189,0.4811265456644823,1.4828968918936432,0.38983636002589295
ATCCTACAGGCAACTGCTAATGAGCTTGACAGAAGG,763,612,0.8020969855832241,-0.220525748772131,536,1437,2.6809701492537314,0.986178725008223,1.7415335674184778,0.382826488118046
ATCGTTCAGGCAACTGCTAATAAGCTTGACAGAATG,5287,452,0.0854927179875165,-2.459324076403219,5927,472,0.0796355660536527,-2.5302944762022825,0.0825641420205846,-2.4948092763027505
ATCCTACAGGCAACTGCTAATAAGGTAGACAGAAGG,5283,10063,1.904788945674806,0.6443712127690173,6078,3700,0.6087528792365909,-0.4963428748444226,1.2567709124556985,0.07401416896229737
ATCGTTCAGGCAACTCTGAATAAGCTTGACAAGATG,558,557,0.9982078853046596,-0.0017937224540268,506,1445,2.855731225296443,1.049327931259067,1.9269695553005513,0.5237671044025202
ATCCTACAGGAGACTGCTAATGAGCTTGACAAGAGG,626,1009,1.6118210862619808,0.4773646492535104,247,1725,6.983805668016195,1.9435939928374828,4.297813377139088,1.2104793210454967
ATCCTACAGGCAACTGCTAATAAGCTTGACAAGAGG,2412,4785,1.983830845771144,0.6850297460399786,2857,8270,2.894644732236612,1.062862385786964,2.4392377890038777,0.8739460659134712
CTACTACAGGCAACTGCTAATAAGCTTGACAAGAGG,2739,5877,2.1456736035049286,0.7634535373495722,4462,5334,1.1954280591662931,0.1785043297494817,1.670550831335611,0.47097893354952697
CTAGTTCAGGAGACTGCTAATGAGGTAGACAGAAGG,1634,1265,0.7741738066095472,-0.2559588742583275,2409,2364,0.9813200498132004,-0.0188566240888825,0.8777469282113738,-0.137407749173605
ATCCTACAGGCAACTGCTAATGAGGTAGACAGAATG,1246,1810,1.4526484751203852,0.373388424912473,3642,12853,3.529104887424492,1.2610442658225784,2.4908766812724386,0.8172163453675257
ATCGTTCAGGCAACTCTGAATAAGGTAGACAAGAGG,849,3033,3.5724381625441697,1.273248321377234,1575,905,0.5746031746031746,-0.5540756075598073,2.0735206685736722,0.3595863569087134
ATCGTTCAGGCAACTGCTAATAAGCTTGACAAGATG,3351,2416,0.7209788122948374,-0.3271455286826047,6390,9093,1.4230046948356807,0.3527706183543323,1.071991753565259,0.012812544835863804
ATCGTTCAGGAGACTCTGAATAAGGTAGACAAGAGG,273,266,0.9743589743589745,-0.0259754864032606,225,796,3.537777777777778,1.263498783639963,2.2560683760683764,0.6187616486183511
ATCCTACAGGAGACTGCTAATGAGGTAGACAAGATG,459,461,1.0043572984749456,0.0043478329361034,667,1239,1.857571214392804,0.6192698357135187,1.430964256433875,0.31180883432481105
CTAGTTCAGGAGACTCTGAATAAGGTAGACAGAAGG,5110,4430,0.8669275929549902,-0.1427998201585688,7810,32721,4.189628681177977,1.432612109763121,2.5282781370664837,0.6449061448022761
CTAGTTCAGGAGACTCTGAATAAGCTTGACAGAAGG,2127,1027,0.4828396803008933,-0.7280706052716789,3137,6453,2.057060886197004,0.7212782097451617,1.2699502832489487,-0.0033961977632586127
ATCGTTCAGGAGACTCTGAATAAGGTAGACAGAAGG,1782,987,0.5538720538720538,-0.5908215685972731,1447,2874,1.9861782999308917,0.6862123400074863,1.2700251769014728,0.04769538570510662
ATCCTACAGGCAACTCTGAATGAGGTAGACAGAATG,811,1029,1.2688039457459923,0.2380746817186366,186,643,3.456989247311828,1.240398050524418,2.36289659652891,0.7392363661215273
ATCGTTCAGGCAACTGCTAATGAGCTTGACAAGATG,1645,3779,2.29726443768997,0.8317190401500167,2112,3195,1.5127840909090908,0.413951721985483,1.9050242642995303,0.6228353810677498
ATCCTACAGGAGACTCTGAATGAGCTTGACAAGATG,463,567,1.224622030237581,0.2026322496415179,370,978,2.643243243243244,0.9720066643965471,1.9339326367404124,0.5873194570190325
ATCCTACAGGCAACTCTGAATAAGGTAGACAAGATG,498,733,1.4718875502008033,0.3865456248619986,382,636,1.6649214659685865,0.509777954733547,1.568404508084695,0.4481617897977728
CTAGTTCAGGAGACTCTGAATGAGCTTGACAGAATG,874,1319,1.5091533180778032,0.4115487770617791,589,2546,4.32258064516129,1.463852595465765,2.915866981619547,0.9377006862637721
ATCCTACAGGAGACTCTGAATGAGGTAGACAAGATG,550,642,1.1672727272727272,0.1546700254634445,307,1615,5.260586319218241,1.6602424880695597,3.213929523245484,0.9074562567665021
CTACTACAGGAGACTCTGAATAAGGTAGACAAGATG,711,653,0.918424753867792,-0.0850953005268097,570,1140,2.0,0.6931471805599453,1.459212376933896,0.3040259400165678
CTAGTTCAGGCAACTCTGAATAAGGTAGACAGAAGG,4832,7128,1.475165562913907,0.3887702295359944,6717,32388,4.821795444394819,1.5731463575391404,3.1484805036543633,0.9809582935375674
CTACTACAGGCAACTGCTAATGAGGTAGACAAGAGG,1233,3220,2.6115166261151663,0.9599311353741096,1251,3341,2.6706634692246203,0.9823269318898452,2.641090047669893,0.9711290336319773
CTACTACAGGCAACTGCTAATGAGGTAGACAGAATG,4936,23853,4.832455429497569,1.5753547089843694,9666,1465,0.1515621767018415,-1.8867593309538615,2.492008803099705,-0.15570231098474607
CTAGTTCAGGAGACTGCTAATGAGCTTGACAGAATG,2464,4115,1.6700487012987013,0.5128527884577598,3381,6725,1.989056492162082,0.6876604017621538,1.8295525967303916,0.6002565951099568
ATCCTACAGGAGACTGCTAATAAGCTTGACAGAATG,375,305,0.8133333333333334,-0.2066142493629991,178,1306,7.337078651685394,1.9929407595442912,4.075205992509363,0.8931632550906461
ATCGTTCAGGAGACTCTGAATGAGGTAGACAGAATG,657,660,1.004566210045662,0.0045558165358606,346,550,1.5895953757225434,0.4634795031687923,1.2970807928841026,0.23401765985232645
CTAGTTCAGGCAACTCTGAATAAGCTTGACAAGATG,772,883,1.1437823834196892,0.1343406505791839,498,1252,2.5140562248995986,0.921897474635391,1.8289193041596439,0.5281190626072875
CTAGTTCAGGAGACTGCTAATAAGCTTGACAGAATG,4126,7010,1.6989820649539509,0.5300292863974387,9128,5788,0.6340929009640666,-0.4555598037905372,1.1665374829590087,0.03723474130345078
ATCCTACAGGAGACTGCTAATGAGGTAGACAGAATG,415,1344,3.23855421686747,1.1751270008523966,382,552,1.4450261780104712,0.3681274376705201,2.3417901974389705,0.7716272192614584
CTAGTTCAGGAGACTCTGAATAAGGTAGACAAGATG,521,1437,2.7581573896353166,1.014562844325658,418,1679,4.016746411483253,1.3904722245527843,3.387451900559285,1.2025175344392212
CTACTACAGGAGACTGCTAATGAGGTAGACAGAATG,955,594,0.6219895287958115,-0.4748320211180853,874,10503,12.01716247139588,2.48633583396724,6.319576000095846,1.0057519064245775
CTAGTTCAGGAGACTGCTAATAAGCTTGACAAGAGG,4569,5080,1.111840665353469,0.1060168990092559,3299,1315,0.398605638072143,-0.9197827266167166,0.755223151712806,-0.4068829138037303
ATCGTTCAGGAGACTGCTAATGAGCTTGACAAGAGG,798,1020,1.2781954887218046,0.245449308828508,1342,1140,0.849478390461997,-0.1631327761430859,1.0638369395919007,0.04115826634271104
ATCGTTCAGGAGACTCTGAATGAGGTAGACAGAAGG,359,478,1.3314763231197773,0.2862883440031771,146,1652,11.315068493150685,2.4261353323725867,6.323272408135231,1.3562118381878818
ATCGTTCAGGCAACTCTGAATGAGCTTGACAAGAGG,689,771,1.1190130624092889,0.1124471025496709,273,1069,3.915750915750916,1.3650071158400854,2.5173819890801026,0.7387271091948782
ATCGTTCAGGCAACTGCTAATAAGCTTGACAAGAGG,3475,861,0.2477697841726618,-1.3952552535711615,7606,2698,0.3547199579279516,-1.036426651720504,0.3012448710503067,-1.215840952645833
CTACTACAGGAGACTGCTAATGAGGTAGACAAGATG,1667,5471,3.2819436112777445,1.188435811313032,1067,1738,1.6288659793814433,0.4878840545235839,2.455404795329594,0.8381599329183079
ATCGTTCAGGCAACTGCTAATAAGGTAGACAAGATG,2608,298,0.1142638036809816,-2.169245436541139,3293,379,0.1150926207105982,-2.1620180772939377,0.1146782121957899,-2.1656317569175383
ATCGTTCAGGCAACTCTGAATAAGGTAGACAAGATG,980,361,0.3683673469387755,-0.9986746133317368,574,1224,2.132404181184669,0.7572500667527049,1.2503857640617222,-0.12071227328951595
CTACTACAGGCAACTCTGAATAAGCTTGACAAGATG,522,322,0.6168582375478927,-0.4831160423382304,352,422,1.1988636363636365,0.1813741384379148,0.9078609369557646,-0.15087095195015782
ATCCTACAGGAGACTCTGAATAAGGTAGACAGAATG,666,541,0.8123123123123123,-0.2078703916939076,131,695,5.305343511450381,1.6687145223636404,3.058827911881347,0.7304220653348664
ATCGTTCAGGCAACTCTGAATGAGGTAGACAGAAGG,776,1109,1.4291237113402062,0.3570614671671483,240,911,3.795833333333333,1.333903973917967,2.6124785223367697,0.8454827205425577
ATCCTACAGGAGACTCTGAATAAGCTTGACAGAAGG,489,902,1.8445807770961145,0.6122520305877516,260,432,1.6615384615384616,0.5077439572285827,1.753059619317288,0.5599979939081672
ATCGTTCAGGAGACTGCTAATGAGGTAGACAGAATG,926,803,0.8671706263498921,-0.1425195206994176,1639,1448,0.8834655277608298,-0.123903005798168,0.8753180770553609,-0.1332112632487928
CTACTACAGGAGACTCTGAATAAGCTTGACAGAATG,497,337,0.6780684104627767,-0.388507095744267,348,869,2.4971264367816093,0.9151406454909176,1.587597423622193,0.2633167748733253
CTAGTTCAGGAGACTGCTAATGAGCTTGACAAGAGG,709,748,1.0550070521861776,0.0535474514423496,357,1029,2.8823529411764706,1.0586069540544103,1.968679996681324,0.5560772027483799
ATCCTACAGGCAACTCTGAATAAGCTTGACAAGAGG,372,601,1.6155913978494625,0.4797010802620609,216,887,4.106481481481482,1.4125665746254146,2.8610364396654724,0.9461338274437378
ATCCTACAGGCAACTCTGAATGAGCTTGACAGAAGG,814,1574,1.9336609336609336,0.6594150629748082,795,2353,2.959748427672956,1.0851042740730306,2.4467046806669446,0.8722596685239195
ATCCTACAGGAGACTGCTAATAAGCTTGACAGAAGG,867,2753,3.1753171856978084,1.1554075283620653,1823,8347,4.57871640153593,1.5214186971720736,3.8770167936168694,1.3384131127670695
CTACTACAGGAGACTGCTAATAAGGTAGACAAGAGG,1791,5800,3.2384142936906755,1.1750837944737988,5254,2869,0.546060144651694,-0.6050261542641203,1.8922372191711847,0.28502882010483926
CTAGTTCAGGAGACTGCTAATGAGGTAGACAAGATG,4091,1953,0.477389391346859,-0.7394227870527196,3474,4008,1.153713298791019,0.1429856959636505,0.815551345068939,-0.29821854554453453
ATCGTTCAGGCAACTCTGAATGAGCTTGACAGAAGG,712,1470,2.0646067415730336,0.7249397683608061,854,945,1.1065573770491803,0.1012537337051729,1.585582059311107,0.4130967510329895
ATCGTTCAGGAGACTGCTAATGAGCTTGACAGAAGG,957,7351,7.681295715778474,2.038788245921133,749,1727,2.3057409879839788,0.8354020946294591,4.993518351881226,1.437095170275296
ATCCTACAGGCAACTGCTAATGAGGTAGACAAGATG,2051,3495,1.704046806435885,0.53300589659553,3831,6182,1.613677890890107,0.4785159779914126,1.6588623486629959,0.5057609372934713
CTACTACAGGAGACTCTGAATGAGCTTGACAGAATG,610,1131,1.8540983606557375,0.6173985189487635,927,1566,1.6893203883495145,0.5243263109848932,1.771709374502626,0.5708624149668284
ATCGTTCAGGAGACTCTGAATAAGGTAGACAAGATG,709,711,1.002820874471086,0.0028169032711133,400,582,1.455,0.3750059006234559,1.228910437235543,0.1889114019472846
CTAGTTCAGGCAACTCTGAATGAGCTTGACAAGATG,672,658,0.9791666666666666,-0.0210534091978323,588,765,1.3010204081632653,0.2631488859279088,1.1400935374149659,0.12104773836503825
CTACTACAGGAGACTGCTAATGAGCTTGACAAGAGG,683,1050,1.5373352855051243,0.430050583580779,878,2761,3.144646924829157,1.1457016182950377,2.3409911051671406,0.7878761009379084
CTAGTTCAGGCAACTCTGAATGAGGTAGACAAGATG,569,1199,2.107205623901581,0.7453627209011832,585,898,1.5350427350427351,0.4285582210703431,1.8211241794721582,0.5869604709857631
ATCCTACAGGAGACTGCTAATGAGCTTGACAGAAGG,463,847,1.8293736501079916,0.6039736405658203,330,852,2.581818181818182,0.94849387236879,2.205595915963087,0.7762337564673052
ATCCTACAGGAGACTGCTAATAAGCTTGACAAGAGG,461,734,1.592190889370933,0.465110985617867,304,2290,7.532894736842105,2.019279395142064,4.5625428131065195,1.2421951903799655
ATCGTTCAGGAGACTGCTAATGAGCTTGACAGAATG,833,989,1.1872749099639857,0.1716606894558695,520,1064,2.046153846153846,0.7159618583261166,1.6167143780589157,0.44381127389099306
CTACTACAGGAGACTCTGAATAAGGTAGACAGAAGG,1190,3139,2.63781512605042,0.9699509707363784,1979,4413,2.229914098029308,0.8019630636669814,2.433864612039864,0.88595701720168
ATCGTTCAGGAGACTCTGAATAAGCTTGACAGAAGG,552,2631,4.766304347826087,1.5615712347631974,862,494,0.5730858468677494,-0.5567197534757705,2.669695097346918,0.5024257406437134
ATCGTTCAGGCAACTGCTAATGAGCTTGACAAGAGG,1136,2319,2.0413732394366195,0.7136227379744349,1363,2818,2.067498165810712,0.726339260762093,2.0544357026236657,0.719980999368264
CTAGTTCAGGAGACTCTGAATAAGCTTGACAGAATG,842,881,1.046318289786223,0.0452776116938528,702,1154,1.643874643874644,0.4970560430422337,1.3450964668304337,0.27116682736804326
CTAGTTCAGGAGACTCTGAATGAGGTAGACAAGATG,1028,978,0.95136186770428,-0.0498607759802931,617,1976,3.2025931928687195,1.1639608544024251,2.0769775302865,0.557050039211066
CTAGTTCAGGCAACTGCTAATAAGCTTGACAGAATG,428,287,0.6705607476635514,-0.3996409798221756,2813,188,0.0668325630998933,-2.7055648456599077,0.36869665538172236,-1.5526029127410417
ATCCTACAGGCAACTGCTAATGAGCTTGACAGAATG,1519,1189,0.78275181040158,-0.2449396059049909,1419,2547,1.7949260042283297,0.5849637978194142,1.2888389073149549,0.17001209595721167
CTAGTTCAGGCAACTCTGAATGAGGTAGACAAGAGG,814,693,0.8513513513513513,-0.1609303668126371,615,697,1.1333333333333333,0.125163142954006,0.9923423423423423,-0.01788361192931555
ATCGTTCAGGCAACTCTGAATGAGGTAGACAGAATG,700,1556,2.222857142857143,0.7987933696949322,794,1606,2.022670025188917,0.7044184332595712,2.12276358402303,0.7516059014772517
ATCCTACAGGAGACTGCTAATGAGCTTGACAGAATG,453,673,1.4856512141280354,0.3958532041616938,66,535,8.106060606060606,2.0926120048695807,4.79585591009432,1.2442326045156373
ATCGTTCAGGAGACTCTGAATAAGCTTGACAGAATG,412,607,1.4733009708737863,0.3875054417099718,437,456,1.0434782608695652,0.0425596144187958,1.2583896158716756,0.2150325280643838
CTACTACAGGCAACTCTGAATAAGCTTGACAGAAGG,835,2063,2.4706586826347303,0.9044847882203962,838,2025,2.416467780429594,0.8823068790585564,2.4435632315321625,0.8933958336394763
ATCCTACAGGCAACTCTGAATGAGGTAGACAAGAGG,632,983,1.5553797468354431,0.4417197260003092,499,777,1.5571142284569135,0.4428342546161287,1.5562469876461784,0.44227699030821893
ATCGTTCAGGAGACTCTGAATGAGCTTGACAGAAGG,832,1192,1.4326923076923077,0.3595554068040865,512,806,1.57421875,0.4537591174671205,1.5034555288461537,0.4066572621356035
CTACTACAGGAGACTCTGAATAAGGTAGACAGAATG,954,419,0.4392033542976939,-0.8227927515261488,667,2393,3.587706146926537,1.2775130419927496,2.0134547506121154,0.2273601452333004
CTACTACAGGAGACTGCTAATGAGCTTGACAGAAGG,644,932,1.4472049689440991,0.3696340885812375,427,1065,2.494145199063232,0.9139460649149008,1.9706750840036658,0.6417900767480691
ATCCTACAGGCAACTCTGAATAAGCTTGACAAGATG,325,433,1.3323076923076924,0.2869125456727524,491,1980,4.032586558044806,1.3944079958940605,2.682447125176249,0.8406602707834064
CTAGTTCAGGCAACTCTGAATGAGGTAGACAGAAGG,715,2130,2.979020979020979,1.0915947160094632,564,614,1.0886524822695036,0.0849406766490836,2.033836730645241,0.5882676963292734
ATCCTACAGGAGACTCTGAATAAGGTAGACAAGAGG,329,263,0.7993920972644377,-0.2239037185876073,247,422,1.708502024291498,0.5356169774080345,1.2539470607779677,0.1558566294102136
CTAGTTCAGGAGACTCTGAATGAGGTAGACAGAAGG,718,809,1.126740947075209,0.1193293480102675,182,2099,11.532967032967033,2.445209632743837,6.329853990021121,1.2822694903770522
CTACTACAGGCAACTCTGAATAAGCTTGACAAGAGG,424,1321,3.115566037735849,1.1364108492903675,546,919,1.6831501831501832,0.520667146610782,2.399358110443016,0.8285389979505747
CTACTACAGGAGACTCTGAATAAGCTTGACAAGAGG,564,593,1.051418439716312,0.0501401474996665,377,899,2.3846153846153846,0.8690378470236095,1.7180169121658482,0.45958899726163804
ATCGTTCAGGCAACTGCTAATAAGGTAGACAGAATG,2416,315,0.1303807947019867,-2.0372959202290724,5909,364,0.0616009477068878,-2.7870780237089336,0.09599087120443725,-2.4121869719690032
ATCGTTCAGGAGACTCTGAATAAGCTTGACAAGAGG,531,1058,1.9924670433145009,0.6893735911763058,283,1101,3.890459363957597,1.3585272390794425,2.941463203636049,1.0239504151278742
ATCGTTCAGGAGACTGCTAATAAGCTTGACAGAATG,1404,2095,1.4921652421652425,0.4002282477704817,1408,709,0.5035511363636364,-0.6860700101858602,0.9978581892644394,-0.14292088120768925
ATCGTTCAGGAGACTGCTAATGAGCTTGACAAGATG,586,498,0.8498293515358362,-0.1627197125523597,549,1460,2.6593806921675776,0.9780932731928516,1.7546050218517069,0.4076867803202459
ATCCTACAGGAGACTCTGAATGAGGTAGACAGAATG,360,527,1.4638888888888888,0.3810965170912065,189,336,1.7777777777777777,0.5753641449035618,1.6208333333333331,0.47823033099738416
ATCGTTCAGGAGACTCTGAATGAGGTAGACAAGAGG,553,446,0.8065099457504521,-0.2150390495022707,476,694,1.4579831932773109,0.3770541062753844,1.1322465695138815,0.08100752838655684
ATCCTACAGGAGACTGCTAATAAGGTAGACAAGATG,293,370,1.2627986348122866,0.2333303966212027,419,846,2.01909307875895,0.7026484396840855,1.6409458567856183,0.4679894181526441
ATCCTACAGGCAACTCTGAATGAGCTTGACAAGATG,413,1008,2.440677966101695,0.8922758556702812,262,668,2.549618320610687,0.9359436697755488,2.4951481433561913,0.914109762722915
ATCCTACAGGCAACTCTGAATAAGCTTGACAGAAGG,930,941,1.0118279569892472,0.0117585534380779,496,1536,3.096774193548387,1.1303609869826898,2.054301075268817,0.5710597702103839
CTACTACAGGAGACTGCTAATGAGGTAGACAAGAGG,568,712,1.2535211267605637,0.2259564926908245,704,885,1.2571022727272727,0.228809288849887,1.2553116997439182,0.22738289077035573
ATCCTACAGGAGACTCTGAATGAGCTTGACAGAAGG,437,591,1.352402745995423,0.301882822310508,405,1662,4.103703703703704,1.4118899083088543,2.7280532248495635,0.8568863653096812
CTAGTTCAGGCAACTGCTAATGAGCTTGACAAGAGG,1411,2309,1.6364280652019845,0.4925158575016813,1889,6089,3.223398623610376,1.1704362761070644,2.4299133444061805,0.8314760668043728
CTACTACAGGAGACTCTGAATGAGCTTGACAAGAGG,819,1055,1.2881562881562882,0.2532119620570975,439,1312,2.988610478359909,1.094808556428863,2.1383833832580987,0.6740102592429802
ATCGTTCAGGAGACTCTGAATGAGCTTGACAGAATG,906,1455,1.6059602649006623,0.4737218735626136,619,1415,2.2859450726979,0.826779537392742,1.9459526687992812,0.6502507054776778
CTACTACAGGCAACTCTGAATGAGGTAGACAAGATG,508,1523,2.998031496062992,1.09795590531668,486,493,1.01440329218107,0.0143005501421963,2.006217394122031,0.5561282277294382
CTAGTTCAGGAGACTCTGAATAAGGTAGACAAGAGG,805,727,0.9031055900621118,-0.101915799885044,593,1235,2.082630691399663,0.7336318500643522,1.4928681407308872,0.3158580250896541
CTAGTTCAGGAGACTCTGAATGAGGTAGACAGAATG,454,570,1.2555066079295154,0.2275391627872478,599,1217,2.031719532554257,0.7088824948720778,1.6436130702418863,0.4682108288296628
CTACTACAGGCAACTCTGAATGAGCTTGACAGAAGG,782,1260,1.6112531969309465,0.4770122594002125,862,2771,3.21461716937355,1.1677082741992852,2.412935183152248,0.8223602667997489
CTACTACAGGCAACTCTGAATGAGGTAGACAAGAGG,518,347,0.6698841698841699,-0.4006504623126238,616,2340,3.7987012987012982,1.3346592448182273,2.234292734292734,0.46700439125280174
ATCCTACAGGAGACTCTGAATGAGCTTGACAGAATG,494,582,1.1781376518218625,0.1639349305435152,452,715,1.581858407079646,0.4586003628617764,1.3799980294507543,0.31126764670264584
ATCGTTCAGGAGACTGCTAATAAGCTTGACAAGATG,630,836,1.326984126984127,0.2829087936991232,316,844,2.670886075949367,0.9824102810090448,1.998935101466747,0.632659537354084
CTACTACAGGCAACTGCTAATGAGCTTGACAGAAGG,882,1959,2.2210884353741496,0.7979973619377494,1576,2321,1.4727157360406091,0.3871081358566126,1.8469020857073795,0.592552748897181
ATCCTACAGGAGACTGCTAATGAGGTAGACAGAAGG,480,600,1.25,0.2231435513142097,462,763,1.6515151515151516,0.5016931402027182,1.4507575757575757,0.36241834575846393
CTACTACAGGAGACTCTGAATGAGCTTGACAGAAGG,658,907,1.378419452887538,0.3209375187898193,449,1248,2.779510022271715,1.0222746611871183,2.0789647375796263,0.6716060899884688
CTACTACAGGAGACTCTGAATGAGGTAGACAAGAGG,553,393,0.7106690777576854,-0.3415483896530735,4009,1624,0.4050885507607882,-0.9036495919208838,0.5578788142592368,-0.6225989907869787
ATCCTACAGGCAACTCTGAATGAGCTTGACAGAATG,547,605,1.106032906764168,0.1007796556088601,215,790,3.674418604651162,1.3013949173334045,2.3902257557076654,0.7010872864711323
ATCCTACAGGAGACTCTGAATAAGCTTGACAAGATG,170,492,2.8941176470588235,1.0626802794420462,329,423,1.2857142857142858,0.2513144282809061,2.0899159663865547,0.6569973538614762
CTAGTTCAGGAGACTCTGAATAAGCTTGACAAGAGG,484,751,1.5516528925619837,0.439320745047503,295,830,2.8135593220338984,1.0344503444508235,2.182606107297941,0.7368855447491632
CTACTACAGGAGACTCTGAATAAGCTTGACAGAAGG,312,749,2.400641025641025,0.8757357957077371,649,1175,1.810477657935285,0.5935907098741693,2.105559341788155,0.7346632527909531
ATCCTACAGGAGACTCTGAATAAGCTTGACAGAATG,223,491,2.201793721973094,0.7892723563344017,134,325,2.425373134328358,0.8859853823788261,2.313583428150726,0.8376288693566138
ATCCTACAGGCAACTCTGAATGAGGTAGACAAGATG,153,295,1.9281045751633987,0.6565374349473844,271,409,1.5092250922509225,0.4115963351631008,1.7186648337071606,0.5340668850552426
ATCCTACAGGAGACTCTGAATGAGGTAGACAGAAGG,503,722,1.4353876739562623,0.3614349687930869,398,1319,3.314070351758794,1.1981771474328768,2.3747290128575282,0.7798060581129819
ATCGTTCAGGCAACTCTGAATGAGGTAGACAAGAGG,488,409,0.8381147540983607,-0.1766002498103454,293,1304,4.450511945392491,1.4930191334695309,2.644313349745426,0.6582094418295927
CTACTACAGGCAACTCTGAATGAGGTAGACAGAATG,576,1861,3.2309027777777777,1.172761595946359,503,1844,3.666003976143141,1.2991022340168,3.448453376960459,1.2359319149815795
CTACTACAGGAGACTGCTAATGAGCTTGACAAGATG,895,1285,1.4357541899441342,0.3616902790544649,684,810,1.1842105263157894,0.1690763300439339,1.3099823581299619,0.2653833045491994
ATCCTACAGGCAACTCTGAATAAGCTTGACAGAATG,270,209,0.774074074074074,-0.2560877070335638,264,565,2.140151515151515,0.7608766280001248,1.4571127946127946,0.2523944604832805
ATCCTACAGGAGACTCTGAATAAGGTAGACAAGATG,386,918,2.378238341968912,0.8663600211556596,330,493,1.493939393939394,0.4014165195821641,1.9360888679541528,0.6338882703689118
ATCCTACAGGAGACTCTGAATAAGCTTGACAAGAGG,342,246,0.7192982456140351,-0.3294792011302423,186,927,4.983870967741935,1.6062068918526538,2.851584606677985,0.6383638453612057
CTACTACAGGAGACTCTGAATAAGGTAGACAAGAGG,297,695,2.34006734006734,0.8501797067620924,265,476,1.7962264150943397,0.5856880282451978,2.0681468775808396,0.7179338675036451
CTACTACAGGAGACTCTGAATGAGGTAGACAGAATG,316,365,1.1550632911392404,0.1441551399955793,142,764,5.380281690140845,1.6827407315652596,3.2676724906400425,0.9134479357804195
CTAGTTCAGGAGACTCTGAATGAGGTAGACAAGAGG,401,998,2.488778054862843,0.9117918490048948,432,541,1.2523148148148149,0.2249936906023712,1.870546434838829,0.5683927698036331
ATCGTTCAGGCAACTCTGAATAAGCTTGACAAGAGG,402,1731,4.3059701492537314,1.4600024665571882,781,756,0.967989756722151,-0.032533773660153,2.636979952987941,0.7137343464485176
